user,password
user1,pass1
user2,pass2
user3,pass3
user4,pass4
user5,pass5
user6,pass6
user7,pass7
user8,pass8
user9,pass9
user10,pass10
user11,pass11
user12,pass12
user13,pass13
user14,pass14
user15,pass15
user16,pass16
user17,pass17
user18,pass18
user19,pass19
user20,pass20
user21,pass21
user22,pass22
user23,pass23
user24,pass24
user25,pass25
user26,pass26
user27,pass27
user28,pass28
user29,pass29
user30,pass30
user31,pass31
user32,pass32
user33,pass33
user34,pass34
user35,pass35
user36,pass36
user37,pass37
user38,pass38
user39,pass39
user40,pass40
user41,pass41
user42,pass42
user43,pass43
user44,pass44
user45,pass45
user46,pass46
user47,pass47
user48,pass48
user49,pass49
user50,pass50
user51,pass51
user52,pass52
user53,pass53
user54,pass54
user55,pass55
user56,pass56
user57,pass57
user58,pass58
user59,pass59
user60,pass60
user61,pass61
user62,pass62
user63,pass63
user64,pass64
user65,pass65
user66,pass66
user67,pass67
user68,pass68
user69,pass69
user70,pass70
user71,pass71
user72,pass72
user73,pass73
user74,pass74
user75,pass75
user76,pass76
user77,pass77
user78,pass78
user79,pass79
user80,pass80
user81,pass81
user82,pass82
user83,pass83
user84,pass84
user85,pass85
user86,pass86
user87,pass87
user88,pass88
user89,pass89
user90,pass90
user91,pass91
user92,pass92
user93,pass93
user94,pass94
user95,pass95
user96,pass96
user97,pass97
user98,pass98
user99,pass99
user100,pass100